{
    "rmse": {
        "lgbm": 2834.317902214336,
        "xgb": 2807.313415911697,
        "prophet": 797.4834168860026
    },
    "weights": {
        "lgbm": 0.17973660718706325,
        "xgb": 0.1814655537020321,
        "prophet": 0.6387978391109047
    }
}